{
  "instant_games": {
    "platform_version": "RICH_GAMEPLAY",
    "orientation": "PORTRAIT",
    "override_web_orientation": "LANDSCAPE",
    "navigation_menu_version": "NAV_FLOATING",
    "custom_update_templates": {
      "valentine_greeting": {
        "example": "Send a heartfelt Valentine's message to your loved ones!"
      }
    },
    "surfaceable_stats": {
      "love_level": {
        "priority": 1,
        "order": 1,
        "label": {
          "localizations": {
            "en_US": "Love Level",
            "fr_FR": "Niveau d'amour"
          },
          "fallback": "Love Level"
        },
        "values": {
          "0": "Single",
          "1": "In a Relationship",
          "2": "Engaged",
          "3": "Married"
        }
      }
    },
    "match_player_config": {
      "min_context_size": 2,
      "max_context_size": 20
    }
  }
}
